{
  "format": "noodlr-kit",
  "version": 1,
  "name": "Kit 2026-02-16T17-48-37",
  "exportedAt": "2026-02-16T17:48:37.838Z",
  "state": {
    "padVolumes": {
      "1": 75,
      "2": 75,
      "3": 75,
      "4": 75,
      "5": 75,
      "6": 75,
      "7": 75,
      "8": 75,
      "9": 75,
      "10": 75,
      "11": 75,
      "12": 75
    },
    "padNames": {
      "1": "KICK",
      "2": "SNARE",
      "3": "HIHAT CLOSE",
      "4": "HIHAT OPEN",
      "5": "808",
      "6": "CLAP",
      "7": "CHORD F 1",
      "8": "CHORD F 2",
      "9": "VOX LOOP",
      "10": "KEYS LOOP",
      "11": "FX 1 CHAIR",
      "12": "FX 2 DYING"
    },
    "padPolyphony": {
      "1": 1,
      "2": 1,
      "3": 1,
      "4": 1,
      "5": 1,
      "6": 1,
      "7": 1,
      "8": 1,
      "9": 1,
      "10": 1,
      "11": 1,
      "12": 1
    },
    "padLoopEnabled": {
      "1": false,
      "2": false,
      "3": false,
      "4": false,
      "5": false,
      "6": false,
      "7": false,
      "8": false,
      "9": false,
      "10": false,
      "11": false,
      "12": false
    },
    "padSampleIds": {
      "1": "local-folder:packs/Hex Cougar's Hexed Sample Pack Vol. 1/HEX_COUGAR_labeled_processed/HEX_COUGAR_drums/HEX_COUGAR_drum_one_shots/HEX_COUGAR_kicks/HEX_COUGAR_kick_one_shot_boomin.wav",
      "2": "local-folder:packs/DECAP - Drums That Knock Vol. 5/decap_drums/DECAP_snares/DECAP_snare_shoop.wav",
      "3": "local-folder:packs/DECAP - Drums That Knock Vol. 5/decap_drums/DECAP_hihats/DECAP_hihat_knuckle_02.wav",
      "4": "local-folder:packs/Xander's Specialty Splice Pack/XANDER_sample_pack/XANDER_drums/XANDER_percussion/XANDER_percussion_one_shots/XANDER_percussion_one_shot_disco_hihat_03.wav",
      "5": "local-folder:packs/DECAP - Drums That Knock Vol. 5/DECAP_808/DECAP_808_winner_C.wav",
      "6": "local-folder:packs/Medasin Omega Sample Pack/MEDASIN_labeled_processed/MEDASIN_drums/MEDASIN_snares_and_claps/MEDASIN_snare_one_shot_the_most_og_of_claps.wav",
      "7": "local-folder:packs/Bedroom Beats & Lofi Hip-Hop/CPA_Bedroom_Beats___LoFi_HipHop/Melodic_One_Shots/Lofi_Piano___Keys/BBL_lofi_keys_ankles_chord_F.wav",
      "8": "local-folder:packs/Bedroom Beats & Lofi Hip-Hop/CPA_Bedroom_Beats___LoFi_HipHop/Melodic_One_Shots/Lofi_Piano___Keys/BBL_lofi_keys_clash_chord_F.wav",
      "9": "local-folder:packs/Jazz House & Dusty Beats/Jazz_House_&_Dusty_Beats__NITELIFE_Audio/Melodic_Loops/Vocals/JHDB_120_melodic_loop_nature_scat_vox_Am.wav",
      "10": "local-folder:packs/Trap Vs Rock = Fire/Function_Loops_-__Trap_Vs_Rock_-_Fire/FL_TVS_Intrumental_Loops/FL_TVS_120_Keys_Loop_Loved_Gmin.wav",
      "11": "local-folder:packs/DECAP - Drums That Knock Vol. 5/DECAP_fx/DECAP_fx_chair_frog.wav",
      "12": "local-folder:packs/Medasin x Bassly - Overdose Vol. 9/MDSN_BASSLY_labeled_processed/MDSN_BASSLY_fx/MDSN_BASSLY_fx_dying.wav"
    },
    "padSampleSettings": {
      "1": {
        "attackMs": 0,
        "decayMs": 120,
        "sustain": 0.95,
        "releaseMs": 120,
        "reverbMix": 0,
        "delayMix": 0,
        "delayTimeMs": 220,
        "delayFeedback": 0.2
      },
      "2": {
        "attackMs": 0,
        "decayMs": 120,
        "sustain": 0.95,
        "releaseMs": 120,
        "reverbMix": 0,
        "delayMix": 0,
        "delayTimeMs": 220,
        "delayFeedback": 0.2
      },
      "3": {
        "attackMs": 0,
        "decayMs": 120,
        "sustain": 0.95,
        "releaseMs": 120,
        "reverbMix": 0,
        "delayMix": 0,
        "delayTimeMs": 220,
        "delayFeedback": 0.2
      },
      "4": {
        "attackMs": 0,
        "decayMs": 120,
        "sustain": 0.95,
        "releaseMs": 120,
        "reverbMix": 0,
        "delayMix": 0,
        "delayTimeMs": 220,
        "delayFeedback": 0.2
      },
      "5": {
        "attackMs": 0,
        "decayMs": 120,
        "sustain": 0.95,
        "releaseMs": 120,
        "reverbMix": 0,
        "delayMix": 0,
        "delayTimeMs": 220,
        "delayFeedback": 0.2
      },
      "6": {
        "attackMs": 0,
        "decayMs": 120,
        "sustain": 0.95,
        "releaseMs": 120,
        "reverbMix": 0,
        "delayMix": 0,
        "delayTimeMs": 220,
        "delayFeedback": 0.2
      },
      "7": {
        "attackMs": 0,
        "decayMs": 120,
        "sustain": 0.95,
        "releaseMs": 120,
        "reverbMix": 0,
        "delayMix": 0,
        "delayTimeMs": 220,
        "delayFeedback": 0.2
      },
      "8": {
        "attackMs": 0,
        "decayMs": 120,
        "sustain": 0.95,
        "releaseMs": 120,
        "reverbMix": 0,
        "delayMix": 0,
        "delayTimeMs": 220,
        "delayFeedback": 0.2
      },
      "9": {
        "attackMs": 0,
        "decayMs": 120,
        "sustain": 0.95,
        "releaseMs": 120,
        "reverbMix": 0,
        "delayMix": 0,
        "delayTimeMs": 220,
        "delayFeedback": 0.2
      },
      "10": {
        "attackMs": 0,
        "decayMs": 120,
        "sustain": 0.95,
        "releaseMs": 120,
        "reverbMix": 0,
        "delayMix": 0,
        "delayTimeMs": 220,
        "delayFeedback": 0.2
      },
      "11": {
        "attackMs": 0,
        "decayMs": 120,
        "sustain": 0.95,
        "releaseMs": 120,
        "reverbMix": 0,
        "delayMix": 0,
        "delayTimeMs": 220,
        "delayFeedback": 0.2
      },
      "12": {
        "attackMs": 0,
        "decayMs": 120,
        "sustain": 0.95,
        "releaseMs": 120,
        "reverbMix": 0,
        "delayMix": 0,
        "delayTimeMs": 220,
        "delayFeedback": 0.2
      }
    }
  },
  "sampleMetadataOverrides": {},
  "samples": [
    {
      "sampleId": "local-folder:packs/Hex Cougar's Hexed Sample Pack Vol. 1/HEX_COUGAR_labeled_processed/HEX_COUGAR_drums/HEX_COUGAR_drum_one_shots/HEX_COUGAR_kicks/HEX_COUGAR_kick_one_shot_boomin.wav",
      "name": "HEX_COUGAR_kick_one_shot_boomin.wav",
      "relativePath": "packs/Hex Cougar's Hexed Sample Pack Vol. 1/HEX_COUGAR_labeled_processed/HEX_COUGAR_drums/HEX_COUGAR_drum_one_shots/HEX_COUGAR_kicks/HEX_COUGAR_kick_one_shot_boomin.wav",
      "filePath": "samples/HEX_COUGAR_kick_one_shot_boomin.wav.wav"
    },
    {
      "sampleId": "local-folder:packs/DECAP - Drums That Knock Vol. 5/decap_drums/DECAP_snares/DECAP_snare_shoop.wav",
      "name": "DECAP_snare_shoop.wav",
      "relativePath": "packs/DECAP - Drums That Knock Vol. 5/decap_drums/DECAP_snares/DECAP_snare_shoop.wav",
      "filePath": "samples/DECAP_snare_shoop.wav.wav"
    },
    {
      "sampleId": "local-folder:packs/DECAP - Drums That Knock Vol. 5/decap_drums/DECAP_hihats/DECAP_hihat_knuckle_02.wav",
      "name": "DECAP_hihat_knuckle_02.wav",
      "relativePath": "packs/DECAP - Drums That Knock Vol. 5/decap_drums/DECAP_hihats/DECAP_hihat_knuckle_02.wav",
      "filePath": "samples/DECAP_hihat_knuckle_02.wav.wav"
    },
    {
      "sampleId": "local-folder:packs/Xander's Specialty Splice Pack/XANDER_sample_pack/XANDER_drums/XANDER_percussion/XANDER_percussion_one_shots/XANDER_percussion_one_shot_disco_hihat_03.wav",
      "name": "XANDER_percussion_one_shot_disco_hihat_03.wav",
      "relativePath": "packs/Xander's Specialty Splice Pack/XANDER_sample_pack/XANDER_drums/XANDER_percussion/XANDER_percussion_one_shots/XANDER_percussion_one_shot_disco_hihat_03.wav",
      "filePath": "samples/XANDER_percussion_one_shot_disco_hihat_03.wav.wav"
    },
    {
      "sampleId": "local-folder:packs/DECAP - Drums That Knock Vol. 5/DECAP_808/DECAP_808_winner_C.wav",
      "name": "DECAP_808_winner_C.wav",
      "relativePath": "packs/DECAP - Drums That Knock Vol. 5/DECAP_808/DECAP_808_winner_C.wav",
      "filePath": "samples/DECAP_808_winner_C.wav.wav"
    },
    {
      "sampleId": "local-folder:packs/Medasin Omega Sample Pack/MEDASIN_labeled_processed/MEDASIN_drums/MEDASIN_snares_and_claps/MEDASIN_snare_one_shot_the_most_og_of_claps.wav",
      "name": "MEDASIN_snare_one_shot_the_most_og_of_claps.wav",
      "relativePath": "packs/Medasin Omega Sample Pack/MEDASIN_labeled_processed/MEDASIN_drums/MEDASIN_snares_and_claps/MEDASIN_snare_one_shot_the_most_og_of_claps.wav",
      "filePath": "samples/MEDASIN_snare_one_shot_the_most_og_of_claps.wav.wav"
    },
    {
      "sampleId": "local-folder:packs/Bedroom Beats & Lofi Hip-Hop/CPA_Bedroom_Beats___LoFi_HipHop/Melodic_One_Shots/Lofi_Piano___Keys/BBL_lofi_keys_ankles_chord_F.wav",
      "name": "BBL_lofi_keys_ankles_chord_F.wav",
      "relativePath": "packs/Bedroom Beats & Lofi Hip-Hop/CPA_Bedroom_Beats___LoFi_HipHop/Melodic_One_Shots/Lofi_Piano___Keys/BBL_lofi_keys_ankles_chord_F.wav",
      "filePath": "samples/BBL_lofi_keys_ankles_chord_F.wav.wav"
    },
    {
      "sampleId": "local-folder:packs/Bedroom Beats & Lofi Hip-Hop/CPA_Bedroom_Beats___LoFi_HipHop/Melodic_One_Shots/Lofi_Piano___Keys/BBL_lofi_keys_clash_chord_F.wav",
      "name": "BBL_lofi_keys_clash_chord_F.wav",
      "relativePath": "packs/Bedroom Beats & Lofi Hip-Hop/CPA_Bedroom_Beats___LoFi_HipHop/Melodic_One_Shots/Lofi_Piano___Keys/BBL_lofi_keys_clash_chord_F.wav",
      "filePath": "samples/BBL_lofi_keys_clash_chord_F.wav.wav"
    },
    {
      "sampleId": "local-folder:packs/Jazz House & Dusty Beats/Jazz_House_&_Dusty_Beats__NITELIFE_Audio/Melodic_Loops/Vocals/JHDB_120_melodic_loop_nature_scat_vox_Am.wav",
      "name": "JHDB_120_melodic_loop_nature_scat_vox_Am.wav",
      "relativePath": "packs/Jazz House & Dusty Beats/Jazz_House_&_Dusty_Beats__NITELIFE_Audio/Melodic_Loops/Vocals/JHDB_120_melodic_loop_nature_scat_vox_Am.wav",
      "filePath": "samples/JHDB_120_melodic_loop_nature_scat_vox_Am.wav.wav"
    },
    {
      "sampleId": "local-folder:packs/Trap Vs Rock = Fire/Function_Loops_-__Trap_Vs_Rock_-_Fire/FL_TVS_Intrumental_Loops/FL_TVS_120_Keys_Loop_Loved_Gmin.wav",
      "name": "FL_TVS_120_Keys_Loop_Loved_Gmin.wav",
      "relativePath": "packs/Trap Vs Rock = Fire/Function_Loops_-__Trap_Vs_Rock_-_Fire/FL_TVS_Intrumental_Loops/FL_TVS_120_Keys_Loop_Loved_Gmin.wav",
      "filePath": "samples/FL_TVS_120_Keys_Loop_Loved_Gmin.wav.wav"
    },
    {
      "sampleId": "local-folder:packs/DECAP - Drums That Knock Vol. 5/DECAP_fx/DECAP_fx_chair_frog.wav",
      "name": "DECAP_fx_chair_frog.wav",
      "relativePath": "packs/DECAP - Drums That Knock Vol. 5/DECAP_fx/DECAP_fx_chair_frog.wav",
      "filePath": "samples/DECAP_fx_chair_frog.wav.wav"
    },
    {
      "sampleId": "local-folder:packs/Medasin x Bassly - Overdose Vol. 9/MDSN_BASSLY_labeled_processed/MDSN_BASSLY_fx/MDSN_BASSLY_fx_dying.wav",
      "name": "MDSN_BASSLY_fx_dying.wav",
      "relativePath": "packs/Medasin x Bassly - Overdose Vol. 9/MDSN_BASSLY_labeled_processed/MDSN_BASSLY_fx/MDSN_BASSLY_fx_dying.wav",
      "filePath": "samples/MDSN_BASSLY_fx_dying.wav.wav"
    }
  ]
}