{
  "format": "noodlr-kit",
  "version": 1,
  "name": "Kit 2026-02-15T23-21-50",
  "exportedAt": "2026-02-15T23:21:50.857Z",
  "state": {
    "padVolumes": {
      "1": 75,
      "2": 75,
      "3": 75,
      "4": 75,
      "5": 75,
      "6": 75,
      "7": 75,
      "8": 75,
      "9": 75,
      "10": 75,
      "11": 75,
      "12": 75
    },
    "padNames": {
      "1": "KICK",
      "2": "SNARE",
      "3": "HAT",
      "4": "HAT 2",
      "5": "bass",
      "6": "808",
      "7": "vox",
      "8": "CLAP",
      "9": "PERC 1",
      "10": "PERC 2",
      "11": "FX 1",
      "12": "FX 2"
    },
    "padPolyphony": {
      "1": 1,
      "2": 1,
      "3": 1,
      "4": 1,
      "5": 1,
      "6": 1,
      "7": 1,
      "8": 1,
      "9": 1,
      "10": 1,
      "11": 1,
      "12": 1
    },
    "padLoopEnabled": {
      "1": false,
      "2": false,
      "3": false,
      "4": false,
      "5": false,
      "6": false,
      "7": false,
      "8": false,
      "9": false,
      "10": false,
      "11": false,
      "12": false
    },
    "padSampleIds": {
      "1": "local-folder:packs/Ghost Trap 2/AudeoBox_-_Ghost_Trap_2/Drums/Kicks/ABGT2_Skimmy_Grave_Digger_Kick.wav",
      "2": "local-folder:packs/Ghost Trap 2/AudeoBox_-_Ghost_Trap_2/Drums/Snares/ABGT2_Skimmy_Dont_Look_Behind_You_Snare.wav",
      "3": "local-folder:packs/Supah Mario Essential Kit/SUPAH_MARIO_labeled_processed/SUPAH_MARIO_drums/SUPAH_MARIO_hihats/SUPAH_MARIO_hihats_closed/SUPAH_MARIO_hihat_too_loud.wav",
      "4": "local-folder:packs/Supah Mario Essential Kit/SUPAH_MARIO_labeled_processed/SUPAH_MARIO_drums/SUPAH_MARIO_hihats/SUPAH_MARIO_hihats_closed/SUPAH_MARIO_hihat_the_usual.wav",
      "5": "local-folder:packs/Graves Sample Pack Vol. 2/GRAVES_labeled_processed/GRAVES_tonal/GRAVES_bass/GRAVES_bass_blunt_G.wav",
      "6": "local-folder:packs/Ghost Trap 2/AudeoBox_-_Ghost_Trap_2/Drums/808s/ABGT2_Fyre_UNDER_BELLY_808_C.wav",
      "7": "local-folder:packs/WOMEN MAKE WAVES Vocal Pack/Women_Make_Waves/JEIA/VOX_JEIA_75_vocal_harmony_chords_Bm.wav",
      "8": "local-folder:packs/Bedroom Beats & Lofi Hip-Hop/CPA_Bedroom_Beats___LoFi_HipHop/Drum___Perc_One_Shots/Claps/BBL_clap_crunch_crumble.wav"
    },
    "padSampleSettings": {
      "1": {
        "attackMs": 0,
        "decayMs": 120,
        "sustain": 0.95,
        "releaseMs": 120,
        "reverbMix": 0,
        "delayMix": 0,
        "delayTimeMs": 220,
        "delayFeedback": 0.2
      },
      "2": {
        "attackMs": 0,
        "decayMs": 120,
        "sustain": 0.95,
        "releaseMs": 120,
        "reverbMix": 0,
        "delayMix": 0,
        "delayTimeMs": 220,
        "delayFeedback": 0.2
      },
      "3": {
        "attackMs": 0,
        "decayMs": 120,
        "sustain": 0.95,
        "releaseMs": 120,
        "reverbMix": 0,
        "delayMix": 0,
        "delayTimeMs": 220,
        "delayFeedback": 0.2
      },
      "4": {
        "attackMs": 0,
        "decayMs": 120,
        "sustain": 0.95,
        "releaseMs": 120,
        "reverbMix": 0,
        "delayMix": 0,
        "delayTimeMs": 220,
        "delayFeedback": 0.2
      },
      "5": {
        "attackMs": 0,
        "decayMs": 120,
        "sustain": 0.95,
        "releaseMs": 120,
        "reverbMix": 0,
        "delayMix": 0,
        "delayTimeMs": 220,
        "delayFeedback": 0.2
      },
      "6": {
        "attackMs": 0,
        "decayMs": 120,
        "sustain": 0.95,
        "releaseMs": 120,
        "reverbMix": 0,
        "delayMix": 0,
        "delayTimeMs": 220,
        "delayFeedback": 0.2
      },
      "7": {
        "attackMs": 0,
        "decayMs": 120,
        "sustain": 0.95,
        "releaseMs": 120,
        "reverbMix": 0,
        "delayMix": 0,
        "delayTimeMs": 220,
        "delayFeedback": 0.2
      },
      "8": {
        "attackMs": 0,
        "decayMs": 120,
        "sustain": 0.95,
        "releaseMs": 120,
        "reverbMix": 0,
        "delayMix": 0,
        "delayTimeMs": 220,
        "delayFeedback": 0.2
      },
      "9": {
        "attackMs": 0,
        "decayMs": 120,
        "sustain": 0.95,
        "releaseMs": 120,
        "reverbMix": 0,
        "delayMix": 0,
        "delayTimeMs": 220,
        "delayFeedback": 0.2
      },
      "10": {
        "attackMs": 0,
        "decayMs": 120,
        "sustain": 0.95,
        "releaseMs": 120,
        "reverbMix": 0,
        "delayMix": 0,
        "delayTimeMs": 220,
        "delayFeedback": 0.2
      },
      "11": {
        "attackMs": 0,
        "decayMs": 120,
        "sustain": 0.95,
        "releaseMs": 120,
        "reverbMix": 0,
        "delayMix": 0,
        "delayTimeMs": 220,
        "delayFeedback": 0.2
      },
      "12": {
        "attackMs": 0,
        "decayMs": 120,
        "sustain": 0.95,
        "releaseMs": 120,
        "reverbMix": 0,
        "delayMix": 0,
        "delayTimeMs": 220,
        "delayFeedback": 0.2
      }
    }
  },
  "sampleMetadataOverrides": {},
  "samples": [
    {
      "sampleId": "local-folder:packs/Ghost Trap 2/AudeoBox_-_Ghost_Trap_2/Drums/Kicks/ABGT2_Skimmy_Grave_Digger_Kick.wav",
      "name": "ABGT2_Skimmy_Grave_Digger_Kick.wav",
      "relativePath": "packs/Ghost Trap 2/AudeoBox_-_Ghost_Trap_2/Drums/Kicks/ABGT2_Skimmy_Grave_Digger_Kick.wav",
      "filePath": "samples/ABGT2_Skimmy_Grave_Digger_Kick.wav.wav"
    },
    {
      "sampleId": "local-folder:packs/Ghost Trap 2/AudeoBox_-_Ghost_Trap_2/Drums/Snares/ABGT2_Skimmy_Dont_Look_Behind_You_Snare.wav",
      "name": "ABGT2_Skimmy_Dont_Look_Behind_You_Snare.wav",
      "relativePath": "packs/Ghost Trap 2/AudeoBox_-_Ghost_Trap_2/Drums/Snares/ABGT2_Skimmy_Dont_Look_Behind_You_Snare.wav",
      "filePath": "samples/ABGT2_Skimmy_Dont_Look_Behind_You_Snare.wav.wav"
    },
    {
      "sampleId": "local-folder:packs/Supah Mario Essential Kit/SUPAH_MARIO_labeled_processed/SUPAH_MARIO_drums/SUPAH_MARIO_hihats/SUPAH_MARIO_hihats_closed/SUPAH_MARIO_hihat_too_loud.wav",
      "name": "SUPAH_MARIO_hihat_too_loud.wav",
      "relativePath": "packs/Supah Mario Essential Kit/SUPAH_MARIO_labeled_processed/SUPAH_MARIO_drums/SUPAH_MARIO_hihats/SUPAH_MARIO_hihats_closed/SUPAH_MARIO_hihat_too_loud.wav",
      "filePath": "samples/SUPAH_MARIO_hihat_too_loud.wav.wav"
    },
    {
      "sampleId": "local-folder:packs/Supah Mario Essential Kit/SUPAH_MARIO_labeled_processed/SUPAH_MARIO_drums/SUPAH_MARIO_hihats/SUPAH_MARIO_hihats_closed/SUPAH_MARIO_hihat_the_usual.wav",
      "name": "SUPAH_MARIO_hihat_the_usual.wav",
      "relativePath": "packs/Supah Mario Essential Kit/SUPAH_MARIO_labeled_processed/SUPAH_MARIO_drums/SUPAH_MARIO_hihats/SUPAH_MARIO_hihats_closed/SUPAH_MARIO_hihat_the_usual.wav",
      "filePath": "samples/SUPAH_MARIO_hihat_the_usual.wav.wav"
    },
    {
      "sampleId": "local-folder:packs/Graves Sample Pack Vol. 2/GRAVES_labeled_processed/GRAVES_tonal/GRAVES_bass/GRAVES_bass_blunt_G.wav",
      "name": "GRAVES_bass_blunt_G.wav",
      "relativePath": "packs/Graves Sample Pack Vol. 2/GRAVES_labeled_processed/GRAVES_tonal/GRAVES_bass/GRAVES_bass_blunt_G.wav",
      "filePath": "samples/GRAVES_bass_blunt_G.wav.wav"
    },
    {
      "sampleId": "local-folder:packs/Ghost Trap 2/AudeoBox_-_Ghost_Trap_2/Drums/808s/ABGT2_Fyre_UNDER_BELLY_808_C.wav",
      "name": "ABGT2_Fyre_UNDER_BELLY_808_C.wav",
      "relativePath": "packs/Ghost Trap 2/AudeoBox_-_Ghost_Trap_2/Drums/808s/ABGT2_Fyre_UNDER_BELLY_808_C.wav",
      "filePath": "samples/ABGT2_Fyre_UNDER_BELLY_808_C.wav.wav"
    },
    {
      "sampleId": "local-folder:packs/WOMEN MAKE WAVES Vocal Pack/Women_Make_Waves/JEIA/VOX_JEIA_75_vocal_harmony_chords_Bm.wav",
      "name": "VOX_JEIA_75_vocal_harmony_chords_Bm.wav",
      "relativePath": "packs/WOMEN MAKE WAVES Vocal Pack/Women_Make_Waves/JEIA/VOX_JEIA_75_vocal_harmony_chords_Bm.wav",
      "filePath": "samples/VOX_JEIA_75_vocal_harmony_chords_Bm.wav.wav"
    },
    {
      "sampleId": "local-folder:packs/Bedroom Beats & Lofi Hip-Hop/CPA_Bedroom_Beats___LoFi_HipHop/Drum___Perc_One_Shots/Claps/BBL_clap_crunch_crumble.wav",
      "name": "BBL_clap_crunch_crumble.wav",
      "relativePath": "packs/Bedroom Beats & Lofi Hip-Hop/CPA_Bedroom_Beats___LoFi_HipHop/Drum___Perc_One_Shots/Claps/BBL_clap_crunch_crumble.wav",
      "filePath": "samples/BBL_clap_crunch_crumble.wav.wav"
    }
  ]
}